{"alarm clock": [0.873028747982757, 0.11838450094856245, 0.6468635679424861], "armchair": [0.555903680546826, 0.4774137333593078, 0.010394220996779113], "backpack": [0.9988548556484548, 0.650004722614758, 0.9158002035757292], "bag": [0.8257019465089093, 0.34137863003252455, 0.8609596615609262], "ball": [0.947790198947397, 0.9320935876074865, 0.7785111355269309], "bar": [0.0787055693894897, 0.7105605566082444, 0.14396976874952916], "basket": [0.25560476012887035, 0.5757907585484019, 0.141396345403222], "bathroom cabinet": [0.9132877814377729, 0.988224633161486, 0.6752885848508464], "bathroom counter": [0.7537894967438707, 0.3256145571851482, 0.551661320507843], "bathroom stall": [0.2150854695238018, 0.7552093353139289, 0.07245174802224286], "bathroom stall door": [0.2571987710781406, 0.5421644408757845, 0.8629394751360924], "bathroom vanity": [0.9960620021617951, 0.5721622779631537, 0.08767900535166118], "bathtub": [0.9225365262326743, 0.31054375748456253, 0.7474732684397594], "bed": [0.712904868323636, 0.39751960134757924, 0.7362858250252505], "bench": [0.03708035882039651, 0.7498552803913071, 0.1103541368604567], "bicycle": [0.5444205335539887, 0.5057298996909868, 0.4999964883146013], "bin": [0.9804456134048064, 0.04256695647550934, 0.20937411905437042], "blackboard": [0.03652474098486058, 0.5200492059811679, 0.9826776153007487], "blanket": [0.6400075905655083, 0.753978851845039, 0.09821538478643865], "blinds": [0.9746146356497315, 0.4188882500647607, 0.0699042610554178], "board": [0.7909940543376793, 0.6998177862190592, 0.9151488930483909], "book": [0.43824368192653995, 0.4951880056084401, 0.08534340328952894], "bookshelf": [0.363628946230088, 0.48788791029301193, 0.09888734938783961], "bottle": [0.739894676393333, 0.9289220013326352, 0.0740949316135392], "bowl": [0.3035069603521181, 0.26085748077326143, 0.7475572404317713], "box": [0.6364049282965993, 0.9245860437667581, 0.8126642851881268], "broom": [0.2533943102983086, 0.3263327263465672, 0.8008367503897154], "bucket": [0.5424411154253528, 0.003412242664099896, 0.672169867686499], "bulletin board": [0.8631498854132059, 0.7210475753500738, 0.2929593347892743], "cabinet": [0.5255195675031737, 0.79112101701396, 0.39461209453587254], "calendar": [0.05667646541923477, 0.8292433123707739, 0.8193892250890464], "candle": [0.40332923129200005, 0.9910467274038597, 0.13253905037558023], "cart": [0.2135140613270491, 0.6322540194326356, 0.23398518508921629], "case of water bottles": [0.9145101088010426, 0.07504727309491044, 0.1462319175568073], "cd case": [0.36899368942954536, 0.4276944377456684, 0.38307225704549064], "ceiling": [0.9278687923976138, 0.6251182472042497, 0.5283784203022299], "ceiling light": [0.5085466137027135, 0.7529305225416539, 0.7267753715597549], "chair": [0.33434478611631635, 0.5519678970979508, 0.4757263371032202], "clock": [0.14575360161558004, 0.029332763396424766, 0.8663593559950941], "closet": [0.1839252972131995, 0.6200877347195083, 0.6758453375523744], "closet door": [0.6774216075436442, 0.3643264067272193, 0.5251303538397306], "closet rod": [0.7547785867290919, 0.9361459425616651, 0.40900245293011583], "closet wall": [0.43452527531715335, 0.9908125770290559, 0.9030397823429521], "clothes": [0.6814538497122816, 0.6056317127025398, 0.7994783088874304], "clothes dryer": [0.8484150227680599, 0.4137150342237206, 0.31718590015731574], "coat rack": [0.5844418459321978, 0.31429384793727266, 0.7560204798949793], "coffee kettle": [0.2973807962985896, 0.2566901169954694, 0.1417316738518084], "coffee maker": [0.9376991727515571, 0.9777753560388899, 0.16934364712679473], "coffee table": [0.6909816241908948, 0.7657328852372528, 0.4061128724074252], "column": [0.4264938432404968, 0.493391008832078, 0.8139398529281612], "computer tower": [0.2932171228724899, 0.9623534421668473, 0.9718061438662116], "container": [0.5585483781721676, 0.11479985661077285, 0.045861837065909516], "copier": [0.31082309855961765, 0.9549206503672057, 0.668389391174338], "couch": [0.8267910991377125, 0.9193756765031724, 0.7156743065781787], "counter": [0.6100224535501019, 0.7235453069446274, 0.7306354038456003], "crate": [0.8008986593050552, 0.2921285137098465, 0.845308914373643], "cup": [0.011655902293152276, 0.1342936038554292, 0.9654819229183345], "curtain": [0.22154399741933561, 0.8316882592130839, 0.5014138894044358], "cushion": [0.2658697138363718, 0.4119619085171511, 0.8961878268051964], "decoration": [0.8420038419529543, 0.08529977483362061, 0.00916922259956443], "desk": [0.5330833011082243, 0.8073106639075358, 0.5129543565653394], "dining table": [0.09892400062847206, 0.02841319446720636, 0.8445422304062392], "dish rack": [0.5915442291071955, 0.7720443876689943, 0.6852786178907361], "dishwasher": [0.43741557693077604, 0.8725913738359801, 0.15093939566263348], "divider": [0.5045203385993673, 0.8094958881143949, 0.9964832423222745], "door": [0.5247520409699321, 0.11584958228657583, 0.04275051493532911], "doorframe": [0.165307492231773, 0.7176560599255645, 0.3523597511436979], "dresser": [0.1414281786713435, 0.6192070869422257, 0.5829489481871502], "dumbbell": [0.7504832375678147, 0.7094185991002514, 0.9016412972426634], "dustpan": [0.9024723576579131, 0.15438416465519333, 0.2356657982137258], "end table": [0.03685742902693867, 0.7244222771261147, 0.261691082114624], "fan": [0.27094717939287194, 0.01694332148152966, 0.9085800502562309], "file cabinet": [0.6519556276995921, 0.12709910635936783, 0.41445185754369884], "fire alarm": [0.7881141823184687, 0.3204649638283684, 0.0592718110077769], "fire extinguisher": [0.6650244876623651, 0.5507819959227189, 0.6842784450219151], "fireplace": [0.30062940377028835, 0.7264088268935415, 0.11500872046004695], "floor": [0.2621775395718928, 0.2397257016160197, 0.1269065961445145], "folded chair": [0.4484124529019937, 0.16388644013007125, 0.9938327725001354], "furniture": [0.6660429393051558, 0.8981770867874674, 0.06163922337734984], "guitar": [0.2629167629300192, 0.7180719548662189, 0.4056566115920779], "guitar case": [0.7646310150149929, 0.21235194351518882, 0.6378288890921099], "hair dryer": [0.9936239176713898, 0.7069080655187595, 0.2594413995498265], "handicap bar": [0.36222716333090244, 0.9015181890078319, 0.23470857550783364], "hat": [0.5291158640698059, 0.7290609013565534, 0.01036332093062009], "headphones": [0.3268038442340072, 0.17523105934320715, 0.704189766435951], "ironing board": [0.29313672943308844, 0.09710080035833912, 0.6537675779412928], "jacket": [0.9687846728704317, 0.9292017685091306, 0.36831585548988444], "keyboard": [0.6631999945648647, 0.08375351838866407, 0.3654253396141499], "keyboard piano": [0.4395409513767523, 0.46632516814468394, 0.0435539012243934], "kitchen cabinet": [0.458950048226371, 0.07254321098233507, 0.7113968336869221], "kitchen counter": [0.8439867538978866, 0.0011055646230542227, 0.029789657503713984], "ladder": [0.749907753386618, 0.7720378818430467, 0.07669701693132369], "lamp": [0.6991874816649071, 0.8141941683444132, 0.7804622051160485], "laptop": [0.7594417912188709, 0.841095526005181, 0.6208517042624097], "laundry basket": [0.8724968942088145, 0.7500816467319008, 0.19540901764435514], "laundry detergent": [0.8681797673880775, 0.17474314225350107, 0.16531537931047158], "laundry hamper": [0.7852397607438876, 0.3707926691589476, 0.8501884917447158], "ledge": [0.5595553461766603, 0.8000563021063412, 0.5632874098688053], "light": [0.7976883963873042, 0.8726292672100869, 0.5567221911050658], "light switch": [0.8305399334901123, 0.43344350159984235, 0.049830000538492736], "luggage": [0.40457683080233975, 0.5189091769011859, 0.29192407101702633], "machine": [0.7032334907278907, 0.5572435627194313, 0.4510208947907135], "mailbox": [0.26180450177523684, 0.32483624609655204, 0.4683512253431754], "mat": [0.37903681697844027, 0.577227492151603, 0.4144961719159713], "mattress": [0.3633610963950228, 0.8144916464994252, 0.5574345140855472], "microwave": [0.21929770379243585, 0.26314228173014353, 0.7484296199007496],